row_id,rota_id,date,shift_id,staff_id
1,1,10/7/2021,1,1
2,2,7/14/2022,2,2
3,3,2/22/2022,3,3
4,4,5/31/2022,4,4
5,5,8/28/2022,5,5
6,6,8/10/2022,6,6
7,7,8/26/2022,7,7
8,8,2/19/2022,8,8
9,9,10/22/2021,9,9
10,10,12/6/2021,10,10
11,11,1/26/2022,11,11
12,12,8/31/2022,12,12
13,13,9/7/2022,13,13
14,14,9/13/2021,14,14
15,15,11/15/2021,15,15
16,16,1/19/2022,16,16
17,17,5/7/2022,17,17
18,18,4/20/2022,18,18
19,19,8/29/2022,19,19
20,20,11/18/2021,20,20
21,21,6/19/2022,21,21
22,22,6/20/2022,22,22
23,23,4/5/2022,23,23
24,24,3/25/2022,24,24
25,25,8/9/2022,25,25
26,26,4/3/2022,26,26
27,27,1/14/2022,27,27
28,28,10/18/2021,28,28
29,29,4/30/2022,29,29
30,30,9/4/2022,30,30
31,31,3/14/2022,31,31
32,32,2/13/2022,32,32
33,33,11/6/2021,33,33
34,34,8/30/2022,34,34
35,35,7/9/2022,35,35
36,36,12/5/2021,36,36
37,37,6/1/2022,37,37
38,38,8/10/2022,38,38
39,39,8/31/2022,39,39
40,40,2/16/2022,40,40
41,41,9/27/2021,41,41
42,42,9/17/2021,42,42
43,43,9/26/2021,43,43
44,44,1/29/2022,44,44
45,45,2/1/2022,45,45
46,46,11/6/2021,46,46
47,47,9/20/2021,47,47
48,48,9/21/2021,48,48
49,49,9/25/2021,49,49
50,50,9/13/2021,50,50
51,51,8/23/2022,51,51
52,52,9/7/2022,52,52
53,53,10/9/2021,53,53
54,54,7/17/2022,54,54
55,55,12/27/2021,55,55
56,56,10/21/2021,56,56
57,57,3/20/2022,57,57
58,58,10/25/2021,58,58
59,59,8/12/2022,59,59
60,60,3/31/2022,60,60
61,61,8/10/2022,61,61
62,62,6/16/2022,62,62
63,63,2/23/2022,63,63
64,64,4/28/2022,64,64
65,65,10/9/2021,65,65
66,66,8/19/2022,66,66
67,67,11/9/2021,67,67
68,68,6/28/2022,68,68
69,69,1/17/2022,69,69
70,70,4/26/2022,70,70
71,71,9/20/2021,71,71
72,72,8/6/2022,72,72
73,73,12/30/2021,73,73
74,74,4/6/2022,74,74
75,75,4/24/2022,75,75
76,76,9/3/2022,76,76
77,77,11/1/2021,77,77
78,78,12/15/2021,78,78
79,79,12/8/2021,79,79
80,80,4/30/2022,80,80
81,81,8/19/2022,81,81
82,82,1/5/2022,82,82
83,83,1/13/2022,83,83
84,84,10/19/2021,84,84
85,85,6/16/2022,85,85
86,86,5/24/2022,86,86
87,87,1/16/2022,87,87
88,88,6/19/2022,88,88
89,89,6/11/2022,89,89
90,90,3/3/2022,90,90
91,91,10/27/2021,91,91
92,92,4/19/2022,92,92
93,93,1/25/2022,93,93
94,94,10/9/2021,94,94
95,95,3/4/2022,95,95
96,96,9/16/2021,96,96
97,97,8/21/2022,97,97
98,98,7/23/2022,98,98
99,99,5/28/2022,99,99
100,100,8/12/2022,100,100
101,101,7/24/2022,101,101
102,102,9/11/2021,102,102
103,103,1/21/2022,103,103
104,104,2/4/2022,104,104
105,105,5/16/2022,105,105
106,106,8/11/2022,106,106
107,107,7/7/2022,107,107
108,108,4/1/2022,108,108
109,109,12/10/2021,109,109
110,110,4/7/2022,110,110
111,111,4/30/2022,111,111
112,112,7/19/2022,112,112
113,113,10/23/2021,113,113
114,114,1/12/2022,114,114
115,115,9/28/2021,115,115
116,116,6/6/2022,116,116
117,117,11/10/2021,117,117
118,118,3/1/2022,118,118
119,119,11/27/2021,119,119
120,120,4/29/2022,120,120
121,121,8/19/2022,121,121
122,122,10/8/2021,122,122
123,123,8/3/2022,123,123
124,124,12/17/2021,124,124
125,125,2/14/2022,125,125
126,126,8/3/2022,126,126
127,127,1/29/2022,127,127
128,128,6/23/2022,128,128
129,129,9/8/2021,129,129
130,130,8/17/2022,130,130
131,131,12/28/2021,131,131
132,132,7/31/2022,132,132
133,133,12/19/2021,133,133
134,134,12/17/2021,134,134
135,135,12/5/2021,135,135
136,136,6/23/2022,136,136
137,137,1/13/2022,137,137
138,138,3/25/2022,138,138
139,139,6/12/2022,139,139
140,140,6/22/2022,140,140
141,141,12/31/2021,141,141
142,142,9/25/2021,142,142
143,143,5/14/2022,143,143
144,144,3/24/2022,144,144
145,145,8/3/2022,145,145
146,146,10/9/2021,146,146
147,147,8/23/2022,147,147
148,148,11/13/2021,148,148
149,149,12/10/2021,149,149
150,150,3/24/2022,150,150
151,151,12/20/2021,151,151
152,152,6/15/2022,152,152
153,153,8/27/2022,153,153
154,154,6/15/2022,154,154
155,155,9/14/2021,155,155
156,156,6/7/2022,156,156
157,157,3/11/2022,157,157
158,158,7/11/2022,158,158
159,159,10/1/2021,159,159
160,160,1/12/2022,160,160
161,161,6/28/2022,161,161
162,162,4/11/2022,162,162
163,163,6/28/2022,163,163
164,164,10/13/2021,164,164
165,165,10/1/2021,165,165
166,166,5/19/2022,166,166
167,167,7/11/2022,167,167
168,168,12/3/2021,168,168
169,169,11/26/2021,169,169
170,170,11/23/2021,170,170
171,171,11/14/2021,171,171
172,172,8/28/2022,172,172
173,173,6/6/2022,173,173
174,174,2/4/2022,174,174
175,175,3/30/2022,175,175
176,176,9/16/2021,176,176
177,177,6/18/2022,177,177
178,178,12/28/2021,178,178
179,179,4/5/2022,179,179
180,180,3/2/2022,180,180
181,181,10/3/2021,181,181
182,182,12/27/2021,182,182
183,183,9/13/2021,183,183
184,184,1/30/2022,184,184
185,185,12/12/2021,185,185
186,186,5/3/2022,186,186
187,187,12/11/2021,187,187
188,188,12/20/2021,188,188
189,189,10/7/2021,189,189
190,190,1/7/2022,190,190
191,191,11/17/2021,191,191
192,192,2/7/2022,192,192
193,193,1/23/2022,193,193
194,194,7/26/2022,194,194
195,195,11/1/2021,195,195
196,196,8/21/2022,196,196
197,197,8/25/2022,197,197
198,198,6/3/2022,198,198
199,199,12/14/2021,199,199
200,200,12/9/2021,200,200
201,201,4/5/2022,201,201
202,202,12/2/2021,202,202
203,203,11/21/2021,203,203
204,204,5/14/2022,204,204
205,205,2/5/2022,205,205
206,206,2/10/2022,206,206
207,207,11/2/2021,207,207
208,208,4/27/2022,208,208
209,209,9/24/2021,209,209
210,210,4/26/2022,210,210
211,211,7/30/2022,211,211
212,212,10/17/2021,212,212
213,213,8/21/2022,213,213
214,214,2/2/2022,214,214
215,215,12/27/2021,215,215
216,216,11/18/2021,216,216
217,217,10/22/2021,217,217
218,218,5/21/2022,218,218
219,219,4/1/2022,219,219
220,220,5/12/2022,220,220
221,221,1/15/2022,221,221
222,222,6/9/2022,222,222
223,223,12/27/2021,223,223
224,224,6/5/2022,224,224
225,225,12/27/2021,225,225
226,226,2/27/2022,226,226
227,227,10/4/2021,227,227
228,228,1/21/2022,228,228
229,229,12/4/2021,229,229
230,230,9/1/2022,230,230
231,231,12/22/2021,231,231
232,232,9/7/2022,232,232
233,233,10/5/2021,233,233
234,234,10/14/2021,234,234
235,235,10/24/2021,235,235
236,236,10/1/2021,236,236
237,237,9/1/2022,237,237
238,238,6/18/2022,238,238
239,239,3/12/2022,239,239
240,240,2/13/2022,240,240
241,241,3/13/2022,241,241
242,242,3/10/2022,242,242
243,243,12/30/2021,243,243
244,244,1/10/2022,244,244
245,245,3/18/2022,245,245
246,246,3/9/2022,246,246
247,247,12/21/2021,247,247
248,248,1/28/2022,248,248
249,249,3/12/2022,249,249
250,250,4/15/2022,250,250
251,251,8/16/2022,251,251
252,252,10/12/2021,252,252
253,253,10/6/2021,253,253
254,254,4/13/2022,254,254
255,255,5/22/2022,255,255
256,256,9/17/2021,256,256
257,257,9/8/2021,257,257
258,258,3/2/2022,258,258
259,259,7/8/2022,259,259
260,260,12/10/2021,260,260
261,261,1/1/2022,261,261
262,262,2/20/2022,262,262
263,263,1/15/2022,263,263
264,264,6/24/2022,264,264
265,265,1/10/2022,265,265
266,266,9/21/2021,266,266
267,267,4/20/2022,267,267
268,268,8/1/2022,268,268
269,269,7/31/2022,269,269
270,270,11/16/2021,270,270
271,271,3/2/2022,271,271
272,272,2/24/2022,272,272
273,273,1/8/2022,273,273
274,274,10/28/2021,274,274
275,275,8/22/2022,275,275
276,276,6/11/2022,276,276
277,277,10/9/2021,277,277
278,278,9/1/2022,278,278
279,279,5/29/2022,279,279
280,280,4/16/2022,280,280
281,281,5/17/2022,281,281
282,282,9/21/2021,282,282
283,283,2/20/2022,283,283
284,284,1/7/2022,284,284
285,285,12/22/2021,285,285
286,286,4/24/2022,286,286
287,287,2/28/2022,287,287
288,288,10/12/2021,288,288
289,289,12/15/2021,289,289
290,290,9/1/2022,290,290
291,291,3/30/2022,291,291
292,292,7/16/2022,292,292
293,293,11/1/2021,293,293
294,294,2/14/2022,294,294
295,295,1/29/2022,295,295
296,296,4/10/2022,296,296
297,297,10/19/2021,297,297
298,298,8/2/2022,298,298
299,299,8/1/2022,299,299
300,300,9/16/2021,300,300
301,301,6/13/2022,301,301
302,302,11/19/2021,302,302
303,303,6/29/2022,303,303
304,304,5/30/2022,304,304
305,305,3/16/2022,305,305
306,306,4/21/2022,306,306
307,307,5/7/2022,307,307
308,308,5/20/2022,308,308
309,309,9/8/2022,309,309
310,310,8/4/2022,310,310
311,311,7/18/2022,311,311
312,312,3/22/2022,312,312
313,313,3/13/2022,313,313
314,314,8/2/2022,314,314
315,315,7/14/2022,315,315
316,316,8/9/2022,316,316
317,317,11/6/2021,317,317
318,318,2/28/2022,318,318
319,319,10/7/2021,319,319
320,320,12/6/2021,320,320
321,321,5/1/2022,321,321
322,322,12/6/2021,322,322
323,323,7/22/2022,323,323
324,324,7/9/2022,324,324
325,325,1/18/2022,325,325
326,326,1/4/2022,326,326
327,327,5/2/2022,327,327
328,328,1/24/2022,328,328
329,329,4/30/2022,329,329
330,330,6/13/2022,330,330
331,331,7/1/2022,331,331
332,332,4/23/2022,332,332
333,333,3/27/2022,333,333
334,334,5/27/2022,334,334
335,335,4/14/2022,335,335
336,336,6/28/2022,336,336
337,337,7/8/2022,337,337
338,338,10/18/2021,338,338
339,339,9/10/2021,339,339
340,340,7/29/2022,340,340
341,341,8/9/2022,341,341
342,342,3/14/2022,342,342
343,343,5/11/2022,343,343
344,344,7/8/2022,344,344
345,345,9/7/2022,345,345
346,346,1/21/2022,346,346
347,347,6/3/2022,347,347
348,348,4/19/2022,348,348
349,349,8/21/2022,349,349
350,350,6/2/2022,350,350
351,351,7/2/2022,351,351
352,352,4/28/2022,352,352
353,353,6/17/2022,353,353
354,354,9/11/2021,354,354
355,355,8/26/2022,355,355
356,356,3/7/2022,356,356
357,357,7/12/2022,357,357
358,358,4/6/2022,358,358
359,359,8/28/2022,359,359
360,360,8/26/2022,360,360
361,361,1/7/2022,361,361
362,362,12/28/2021,362,362
363,363,2/17/2022,363,363
364,364,11/22/2021,364,364
365,365,6/3/2022,365,365
366,366,5/25/2022,366,366
367,367,4/9/2022,367,367
368,368,4/4/2022,368,368
369,369,12/1/2021,369,369
370,370,4/20/2022,370,370
371,371,3/20/2022,371,371
372,372,12/8/2021,372,372
373,373,4/28/2022,373,373
374,374,3/7/2022,374,374
375,375,12/29/2021,375,375
376,376,6/17/2022,376,376
377,377,2/17/2022,377,377
378,378,12/9/2021,378,378
379,379,1/13/2022,379,379
380,380,4/8/2022,380,380
381,381,9/19/2021,381,381
382,382,7/26/2022,382,382
383,383,1/20/2022,383,383
384,384,3/12/2022,384,384
385,385,5/28/2022,385,385
386,386,5/17/2022,386,386
387,387,7/25/2022,387,387
388,388,3/10/2022,388,388
389,389,1/8/2022,389,389
390,390,1/19/2022,390,390
391,391,1/9/2022,391,391
392,392,4/8/2022,392,392
393,393,10/20/2021,393,393
394,394,1/4/2022,394,394
395,395,9/28/2021,395,395
396,396,2/3/2022,396,396
397,397,12/31/2021,397,397
398,398,8/1/2022,398,398
399,399,9/9/2021,399,399
400,400,4/11/2022,400,400
401,401,2/26/2022,401,401
402,402,1/23/2022,402,402
403,403,4/13/2022,403,403
404,404,8/16/2022,404,404
405,405,3/11/2022,405,405
406,406,3/8/2022,406,406
407,407,7/11/2022,407,407
408,408,5/18/2022,408,408
409,409,2/15/2022,409,409
410,410,3/16/2022,410,410
411,411,4/24/2022,411,411
412,412,4/27/2022,412,412
413,413,10/13/2021,413,413
414,414,10/3/2021,414,414
415,415,9/6/2022,415,415
416,416,11/25/2021,416,416
417,417,10/14/2021,417,417
418,418,2/5/2022,418,418
419,419,7/21/2022,419,419
420,420,1/17/2022,420,420
421,421,10/7/2021,421,421
422,422,12/31/2021,422,422
423,423,7/5/2022,423,423
424,424,5/18/2022,424,424
425,425,4/8/2022,425,425
426,426,4/11/2022,426,426
427,427,9/28/2021,427,427
428,428,12/30/2021,428,428
429,429,11/21/2021,429,429
430,430,1/24/2022,430,430
431,431,8/30/2022,431,431
432,432,11/28/2021,432,432
433,433,11/6/2021,433,433
434,434,2/20/2022,434,434
435,435,1/1/2022,435,435
436,436,1/24/2022,436,436
437,437,10/24/2021,437,437
438,438,5/13/2022,438,438
439,439,5/9/2022,439,439
440,440,2/24/2022,440,440
441,441,6/8/2022,441,441
442,442,2/16/2022,442,442
443,443,9/6/2022,443,443
444,444,6/7/2022,444,444
445,445,7/17/2022,445,445
446,446,7/8/2022,446,446
447,447,8/26/2022,447,447
448,448,11/22/2021,448,448
449,449,8/28/2022,449,449
450,450,3/30/2022,450,450
451,451,5/31/2022,451,451
452,452,12/28/2021,452,452
453,453,9/30/2021,453,453
454,454,9/11/2021,454,454
455,455,10/30/2021,455,455
456,456,3/7/2022,456,456
457,457,9/25/2021,457,457
458,458,5/22/2022,458,458
459,459,1/9/2022,459,459
460,460,5/18/2022,460,460
461,461,12/19/2021,461,461
462,462,1/12/2022,462,462
463,463,2/9/2022,463,463
464,464,1/24/2022,464,464
465,465,8/20/2022,465,465
466,466,9/21/2021,466,466
467,467,1/22/2022,467,467
468,468,2/1/2022,468,468
469,469,12/23/2021,469,469
470,470,4/18/2022,470,470
471,471,10/3/2021,471,471
472,472,10/13/2021,472,472
473,473,4/18/2022,473,473
474,474,12/8/2021,474,474
475,475,12/30/2021,475,475
476,476,4/15/2022,476,476
477,477,1/21/2022,477,477
478,478,1/3/2022,478,478
479,479,4/20/2022,479,479
480,480,8/18/2022,480,480
481,481,12/4/2021,481,481
482,482,5/6/2022,482,482
483,483,9/23/2021,483,483
484,484,12/25/2021,484,484
485,485,12/29/2021,485,485
486,486,6/29/2022,486,486
487,487,12/3/2021,487,487
488,488,10/14/2021,488,488
489,489,11/22/2021,489,489
490,490,12/29/2021,490,490
491,491,12/4/2021,491,491
492,492,1/23/2022,492,492
493,493,10/7/2021,493,493
494,494,4/11/2022,494,494
495,495,11/27/2021,495,495
496,496,10/10/2021,496,496
497,497,2/25/2022,497,497
498,498,2/25/2022,498,498
499,499,10/12/2021,499,499
500,500,10/22/2021,500,500
501,501,5/25/2022,501,501
502,502,3/30/2022,502,502
503,503,9/29/2021,503,503
504,504,10/28/2021,504,504
505,505,1/17/2022,505,505
506,506,4/10/2022,506,506
507,507,9/6/2022,507,507
508,508,12/12/2021,508,508
509,509,3/6/2022,509,509
510,510,8/10/2022,510,510
511,511,10/3/2021,511,511
512,512,2/25/2022,512,512
513,513,12/21/2021,513,513
514,514,3/21/2022,514,514
515,515,9/13/2021,515,515
516,516,11/21/2021,516,516
517,517,3/29/2022,517,517
518,518,11/2/2021,518,518
519,519,8/26/2022,519,519
520,520,5/21/2022,520,520
521,521,3/3/2022,521,521
522,522,6/10/2022,522,522
523,523,3/4/2022,523,523
524,524,3/29/2022,524,524
525,525,10/7/2021,525,525
526,526,6/10/2022,526,526
527,527,3/2/2022,527,527
528,528,1/18/2022,528,528
529,529,3/11/2022,529,529
530,530,3/15/2022,530,530
531,531,4/9/2022,531,531
532,532,11/13/2021,532,532
533,533,11/26/2021,533,533
534,534,10/5/2021,534,534
535,535,7/17/2022,535,535
536,536,12/24/2021,536,536
537,537,12/2/2021,537,537
538,538,7/19/2022,538,538
539,539,4/27/2022,539,539
540,540,6/23/2022,540,540
541,541,9/17/2021,541,541
542,542,7/28/2022,542,542
543,543,5/16/2022,543,543
544,544,8/31/2022,544,544
545,545,3/9/2022,545,545
546,546,12/9/2021,546,546
547,547,12/11/2021,547,547
548,548,4/19/2022,548,548
549,549,8/17/2022,549,549
550,550,7/30/2022,550,550
551,551,11/11/2021,551,551
552,552,2/14/2022,552,552
553,553,8/4/2022,553,553
554,554,4/2/2022,554,554
555,555,12/23/2021,555,555
556,556,10/2/2021,556,556
557,557,5/11/2022,557,557
558,558,10/11/2021,558,558
559,559,5/3/2022,559,559
560,560,8/21/2022,560,560
561,561,11/9/2021,561,561
562,562,12/19/2021,562,562
563,563,7/16/2022,563,563
564,564,1/20/2022,564,564
565,565,11/14/2021,565,565
566,566,8/30/2022,566,566
567,567,7/3/2022,567,567
568,568,12/21/2021,568,568
569,569,3/2/2022,569,569
570,570,12/8/2021,570,570
571,571,7/26/2022,571,571
572,572,2/4/2022,572,572
573,573,7/16/2022,573,573
574,574,6/16/2022,574,574
575,575,11/12/2021,575,575
576,576,5/28/2022,576,576
577,577,10/16/2021,577,577
578,578,3/25/2022,578,578
579,579,9/27/2021,579,579
580,580,2/2/2022,580,580
581,581,7/22/2022,581,581
582,582,3/30/2022,582,582
583,583,8/12/2022,583,583
584,584,1/2/2022,584,584
585,585,10/14/2021,585,585
586,586,1/5/2022,586,586
587,587,6/30/2022,587,587
588,588,7/19/2022,588,588
589,589,7/10/2022,589,589
590,590,4/23/2022,590,590
591,591,11/23/2021,591,591
592,592,1/17/2022,592,592
593,593,6/23/2022,593,593
594,594,12/10/2021,594,594
595,595,2/6/2022,595,595
596,596,12/13/2021,596,596
597,597,3/13/2022,597,597
598,598,5/7/2022,598,598
599,599,10/22/2021,599,599
600,600,1/2/2022,600,600
601,601,10/18/2021,601,601
602,602,1/12/2022,602,602
603,603,6/7/2022,603,603
604,604,10/23/2021,604,604
605,605,11/16/2021,605,605
606,606,2/20/2022,606,606
607,607,5/1/2022,607,607
608,608,6/24/2022,608,608
609,609,6/24/2022,609,609
610,610,3/1/2022,610,610
611,611,8/26/2022,611,611
612,612,3/8/2022,612,612
613,613,1/16/2022,613,613
614,614,10/9/2021,614,614
615,615,6/24/2022,615,615
616,616,10/28/2021,616,616
617,617,2/9/2022,617,617
618,618,6/22/2022,618,618
619,619,4/10/2022,619,619
620,620,10/5/2021,620,620
621,621,11/8/2021,621,621
622,622,7/17/2022,622,622
623,623,1/23/2022,623,623
624,624,9/17/2021,624,624
625,625,6/18/2022,625,625
626,626,9/18/2021,626,626
627,627,9/27/2021,627,627
628,628,6/27/2022,628,628
629,629,12/17/2021,629,629
630,630,4/4/2022,630,630
631,631,12/7/2021,631,631
632,632,12/24/2021,632,632
633,633,6/28/2022,633,633
634,634,12/12/2021,634,634
635,635,11/23/2021,635,635
636,636,9/17/2021,636,636
637,637,3/25/2022,637,637
638,638,10/17/2021,638,638
639,639,9/27/2021,639,639
640,640,9/19/2021,640,640
641,641,1/26/2022,641,641
642,642,10/17/2021,642,642
643,643,11/4/2021,643,643
644,644,6/26/2022,644,644
645,645,11/21/2021,645,645
646,646,8/11/2022,646,646
647,647,8/5/2022,647,647
648,648,2/5/2022,648,648
649,649,1/3/2022,649,649
650,650,8/14/2022,650,650
651,651,4/3/2022,651,651
652,652,9/18/2021,652,652
653,653,6/29/2022,653,653
654,654,1/25/2022,654,654
655,655,3/5/2022,655,655
656,656,7/17/2022,656,656
657,657,8/8/2022,657,657
658,658,9/17/2021,658,658
659,659,11/16/2021,659,659
660,660,8/13/2022,660,660
661,661,11/13/2021,661,661
662,662,8/20/2022,662,662
663,663,1/4/2022,663,663
664,664,8/3/2022,664,664
665,665,8/6/2022,665,665
666,666,8/25/2022,666,666
667,667,1/16/2022,667,667
668,668,3/31/2022,668,668
669,669,11/27/2021,669,669
670,670,1/16/2022,670,670
671,671,6/1/2022,671,671
672,672,7/28/2022,672,672
673,673,2/4/2022,673,673
674,674,12/8/2021,674,674
675,675,1/12/2022,675,675
676,676,8/11/2022,676,676
677,677,2/26/2022,677,677
678,678,3/15/2022,678,678
679,679,3/13/2022,679,679
680,680,5/16/2022,680,680
681,681,11/27/2021,681,681
682,682,6/25/2022,682,682
683,683,5/22/2022,683,683
684,684,9/7/2022,684,684
685,685,9/27/2021,685,685
686,686,6/8/2022,686,686
687,687,9/20/2021,687,687
688,688,1/7/2022,688,688
689,689,7/16/2022,689,689
690,690,12/28/2021,690,690
691,691,10/5/2021,691,691
692,692,8/16/2022,692,692
693,693,5/4/2022,693,693
694,694,10/14/2021,694,694
695,695,3/27/2022,695,695
696,696,6/28/2022,696,696
697,697,8/5/2022,697,697
698,698,3/25/2022,698,698
699,699,9/16/2021,699,699
700,700,7/1/2022,700,700
701,701,8/14/2022,701,701
702,702,11/7/2021,702,702
703,703,7/22/2022,703,703
704,704,12/10/2021,704,704
705,705,5/11/2022,705,705
706,706,5/28/2022,706,706
707,707,7/2/2022,707,707
708,708,3/12/2022,708,708
709,709,10/20/2021,709,709
710,710,7/2/2022,710,710
711,711,1/5/2022,711,711
712,712,11/8/2021,712,712
713,713,7/3/2022,713,713
714,714,7/16/2022,714,714
715,715,6/18/2022,715,715
716,716,7/28/2022,716,716
717,717,5/30/2022,717,717
718,718,8/2/2022,718,718
719,719,11/6/2021,719,719
720,720,1/17/2022,720,720
721,721,6/26/2022,721,721
722,722,2/28/2022,722,722
723,723,4/8/2022,723,723
724,724,11/21/2021,724,724
725,725,1/15/2022,725,725
726,726,10/24/2021,726,726
727,727,10/25/2021,727,727
728,728,5/2/2022,728,728
729,729,10/31/2021,729,729
730,730,6/29/2022,730,730
731,731,10/2/2021,731,731
732,732,9/22/2021,732,732
733,733,4/19/2022,733,733
734,734,6/14/2022,734,734
735,735,3/24/2022,735,735
736,736,9/23/2021,736,736
737,737,5/10/2022,737,737
738,738,1/7/2022,738,738
739,739,8/15/2022,739,739
740,740,4/26/2022,740,740
741,741,3/9/2022,741,741
742,742,3/20/2022,742,742
743,743,3/31/2022,743,743
744,744,7/26/2022,744,744
745,745,5/11/2022,745,745
746,746,6/16/2022,746,746
747,747,12/29/2021,747,747
748,748,6/28/2022,748,748
749,749,5/17/2022,749,749
750,750,2/24/2022,750,750
751,751,5/25/2022,751,751
752,752,2/1/2022,752,752
753,753,4/18/2022,753,753
754,754,2/10/2022,754,754
755,755,8/24/2022,755,755
756,756,6/26/2022,756,756
757,757,5/29/2022,757,757
758,758,2/3/2022,758,758
759,759,9/12/2021,759,759
760,760,11/11/2021,760,760
761,761,9/15/2021,761,761
762,762,8/6/2022,762,762
763,763,12/31/2021,763,763
764,764,6/23/2022,764,764
765,765,8/26/2022,765,765
766,766,2/26/2022,766,766
767,767,8/8/2022,767,767
768,768,3/6/2022,768,768
769,769,1/19/2022,769,769
770,770,4/28/2022,770,770
771,771,5/25/2022,771,771
772,772,5/28/2022,772,772
773,773,12/31/2021,773,773
774,774,3/27/2022,774,774
775,775,9/17/2021,775,775
776,776,3/19/2022,776,776
777,777,6/12/2022,777,777
778,778,11/14/2021,778,778
779,779,8/2/2022,779,779
780,780,3/1/2022,780,780
781,781,7/8/2022,781,781
782,782,4/15/2022,782,782
783,783,3/5/2022,783,783
784,784,2/21/2022,784,784
785,785,12/5/2021,785,785
786,786,3/11/2022,786,786
787,787,1/19/2022,787,787
788,788,7/3/2022,788,788
789,789,10/30/2021,789,789
790,790,2/21/2022,790,790
791,791,12/13/2021,791,791
792,792,6/19/2022,792,792
793,793,12/30/2021,793,793
794,794,6/11/2022,794,794
795,795,5/26/2022,795,795
796,796,11/15/2021,796,796
797,797,10/6/2021,797,797
798,798,6/27/2022,798,798
799,799,2/21/2022,799,799
800,800,2/28/2022,800,800
801,801,9/17/2021,801,801
802,802,7/24/2022,802,802
803,803,9/18/2021,803,803
804,804,8/9/2022,804,804
805,805,4/15/2022,805,805
806,806,12/15/2021,806,806
807,807,11/30/2021,807,807
808,808,12/10/2021,808,808
809,809,8/24/2022,809,809
810,810,11/12/2021,810,810
811,811,5/31/2022,811,811
812,812,9/6/2022,812,812
813,813,1/4/2022,813,813
814,814,10/22/2021,814,814
815,815,2/19/2022,815,815
816,816,9/24/2021,816,816
817,817,6/22/2022,817,817
818,818,2/4/2022,818,818
819,819,1/19/2022,819,819
820,820,12/7/2021,820,820
821,821,8/19/2022,821,821
822,822,5/6/2022,822,822
823,823,11/25/2021,823,823
824,824,5/19/2022,824,824
825,825,4/13/2022,825,825
826,826,5/13/2022,826,826
827,827,4/5/2022,827,827
828,828,1/10/2022,828,828
829,829,8/9/2022,829,829
830,830,9/28/2021,830,830
831,831,8/18/2022,831,831
832,832,1/12/2022,832,832
833,833,4/18/2022,833,833
834,834,5/1/2022,834,834
835,835,12/3/2021,835,835
836,836,7/5/2022,836,836
837,837,1/1/2022,837,837
838,838,5/1/2022,838,838
839,839,2/13/2022,839,839
840,840,6/13/2022,840,840
841,841,2/23/2022,841,841
842,842,7/2/2022,842,842
843,843,5/31/2022,843,843
844,844,2/2/2022,844,844
845,845,7/9/2022,845,845
846,846,2/1/2022,846,846
847,847,7/29/2022,847,847
848,848,9/19/2021,848,848
849,849,7/31/2022,849,849
850,850,3/2/2022,850,850
851,851,10/12/2021,851,851
852,852,12/20/2021,852,852
853,853,1/6/2022,853,853
854,854,8/30/2022,854,854
855,855,9/25/2021,855,855
856,856,4/17/2022,856,856
857,857,12/3/2021,857,857
858,858,5/16/2022,858,858
859,859,4/21/2022,859,859
860,860,7/28/2022,860,860
861,861,4/29/2022,861,861
862,862,11/7/2021,862,862
863,863,7/13/2022,863,863
864,864,3/19/2022,864,864
865,865,8/27/2022,865,865
866,866,1/29/2022,866,866
867,867,1/6/2022,867,867
868,868,9/8/2021,868,868
869,869,8/12/2022,869,869
870,870,3/5/2022,870,870
871,871,10/27/2021,871,871
872,872,4/21/2022,872,872
873,873,3/5/2022,873,873
874,874,11/14/2021,874,874
875,875,11/6/2021,875,875
876,876,10/26/2021,876,876
877,877,6/30/2022,877,877
878,878,12/19/2021,878,878
879,879,4/22/2022,879,879
880,880,7/28/2022,880,880
881,881,1/5/2022,881,881
882,882,12/5/2021,882,882
883,883,4/9/2022,883,883
884,884,8/23/2022,884,884
885,885,11/3/2021,885,885
886,886,7/28/2022,886,886
887,887,12/14/2021,887,887
888,888,12/13/2021,888,888
889,889,4/19/2022,889,889
890,890,11/27/2021,890,890
891,891,3/17/2022,891,891
892,892,11/19/2021,892,892
893,893,5/22/2022,893,893
894,894,9/7/2022,894,894
895,895,8/7/2022,895,895
896,896,12/15/2021,896,896
897,897,5/3/2022,897,897
898,898,11/27/2021,898,898
899,899,11/18/2021,899,899
900,900,4/7/2022,900,900
901,901,8/10/2022,901,901
902,902,12/17/2021,902,902
903,903,2/3/2022,903,903
904,904,11/23/2021,904,904
905,905,10/6/2021,905,905
906,906,12/14/2021,906,906
907,907,6/8/2022,907,907
908,908,1/28/2022,908,908
909,909,4/12/2022,909,909
910,910,2/1/2022,910,910
911,911,8/16/2022,911,911
912,912,11/3/2021,912,912
913,913,1/16/2022,913,913
914,914,3/22/2022,914,914
915,915,3/31/2022,915,915
916,916,11/17/2021,916,916
917,917,12/1/2021,917,917
918,918,11/28/2021,918,918
919,919,6/14/2022,919,919
920,920,10/12/2021,920,920
921,921,4/7/2022,921,921
922,922,2/1/2022,922,922
923,923,12/14/2021,923,923
924,924,4/5/2022,924,924
925,925,12/21/2021,925,925
926,926,9/13/2021,926,926
927,927,9/27/2021,927,927
928,928,2/12/2022,928,928
929,929,12/31/2021,929,929
930,930,2/12/2022,930,930
931,931,11/7/2021,931,931
932,932,4/9/2022,932,932
933,933,3/19/2022,933,933
934,934,7/3/2022,934,934
935,935,10/7/2021,935,935
936,936,11/6/2021,936,936
937,937,12/1/2021,937,937
938,938,4/3/2022,938,938
939,939,1/21/2022,939,939
940,940,5/2/2022,940,940
941,941,9/8/2021,941,941
942,942,2/16/2022,942,942
943,943,6/5/2022,943,943
944,944,9/30/2021,944,944
945,945,5/20/2022,945,945
946,946,5/6/2022,946,946
947,947,11/12/2021,947,947
948,948,1/15/2022,948,948
949,949,4/21/2022,949,949
950,950,9/14/2021,950,950
951,951,7/9/2022,951,951
952,952,12/30/2021,952,952
953,953,8/23/2022,953,953
954,954,5/22/2022,954,954
955,955,8/21/2022,955,955
956,956,9/24/2021,956,956
957,957,5/18/2022,957,957
958,958,11/27/2021,958,958
959,959,12/14/2021,959,959
960,960,4/24/2022,960,960
961,961,3/31/2022,961,961
962,962,5/20/2022,962,962
963,963,5/2/2022,963,963
964,964,10/28/2021,964,964
965,965,3/4/2022,965,965
966,966,7/31/2022,966,966
967,967,5/31/2022,967,967
968,968,10/20/2021,968,968
969,969,3/24/2022,969,969
970,970,7/8/2022,970,970
971,971,11/21/2021,971,971
972,972,12/16/2021,972,972
973,973,3/30/2022,973,973
974,974,7/7/2022,974,974
975,975,11/24/2021,975,975
976,976,3/4/2022,976,976
977,977,6/18/2022,977,977
978,978,2/3/2022,978,978
979,979,1/24/2022,979,979
980,980,9/23/2021,980,980
981,981,3/30/2022,981,981
982,982,7/22/2022,982,982
983,983,4/1/2022,983,983
984,984,3/31/2022,984,984
985,985,6/13/2022,985,985
986,986,7/4/2022,986,986
987,987,6/27/2022,987,987
988,988,3/13/2022,988,988
989,989,5/14/2022,989,989
990,990,7/13/2022,990,990
991,991,3/21/2022,991,991
992,992,5/27/2022,992,992
993,993,11/22/2021,993,993
994,994,1/18/2022,994,994
995,995,11/15/2021,995,995
996,996,6/21/2022,996,996
997,997,7/21/2022,997,997
998,998,2/3/2022,998,998
999,999,1/19/2022,999,999
1000,1000,2/4/2022,1000,1000
